{"schemaVersion":"1.0","appDefinitionTemplate":{"id":"/providers/Microsoft.PowerApps/apps/","type":"Microsoft.PowerApps/apps","tags":{"primaryDeviceWidth":"1366","primaryDeviceHeight":"768","supportsPortrait":"true","supportsLandscape":"true","primaryFormFactor":"Tablet","showStatusBar":"false","publisherVersion":"3.25023.6","minimumRequiredApiVersion":"2.2.0","hasComponent":"true","hasUnlockedComponent":"true","isUnifiedRootApp":"false","sienaVersion":"20250303T155239Z-3.25023.6.0"},"properties":{"appVersion":"2025-03-03T15:52:39Z","lifeCycleId":"Published","createdByClientVersion":{"major":3,"minor":25023,"build":6,"revision":0,"majorRevision":0,"minorRevision":0},"minClientVersion":{"major":3,"minor":25023,"build":6,"revision":0,"majorRevision":0,"minorRevision":0},"backgroundColor":"RGBA(0,176,240,1)","backgroundImageUri":"/10570968893446804976/N9877cd6a-e61b-4e3d-803f-913af7e7f576-logoSmallFile","displayName":"Success Component","description":"","commitMessage":"","appUris":{"documentUri":{"value":"/10570968893446804976/N2bfd3cf6-06de-4869-8243-b66d745a7874-document.msapp"},"imageUris":[],"additionalUris":[{"isSolutionAware":false,"value":"/10570968893446804976/N4f6a5557-19fc-4463-861b-b592f5473098-identity.json"}]},"createdTime":"0001-01-01T00:00:00Z","lastModifiedTime":"0001-01-01T00:00:00Z","sharedGroupsCount":0,"sharedUsersCount":0,"connectionReferences":{},"databaseReferences":{},"almMode":"Environment","performanceOptimizationEnabled":true,"canConsumeAppPass":false,"enableModernRuntimeMode":false,"executionRestrictions":{"isTeamsOnly":false,"dataLossPreventionEvaluationResult":{"status":"Compliant","lastEvaluationDate":"2025-03-02T14:55:58.0628419Z","violations":[],"violationsByPolicy":[],"violationErrorMessage":"The app uses the following connectors: ."}}},"isAppComponentLibrary":false,"appType":"ClassicCanvasApp","appComponents":[]}}